brand_name,brand_link
touns28,https://www.toun28.com/
닥터노아,https://www.doctornoah.net/
리플래닛,https://www.bluestore.kr/
이프지오,https://www.bluestore.kr/
예고은삼베,https://www.bluestore.kr/
까를로,https://www.bluestore.kr/
위레브,https://www.bluestore.kr/
로우사이클,https://www.bluestore.kr/
마음이,https://www.bluestore.kr/
잇츠베러,https://www.bluestore.kr/
씰크,https://www.bluestore.kr/
와이쏘시리얼,https://www.bluestore.kr/
젤러스스윗,https://www.bluestore.kr/
조니스그로서리,https://www.bluestore.kr/
로마린다 튜노,https://www.bluestore.kr/
헬렌스쿠키,https://www.bluestore.kr/
널담,https://www.bluestore.kr/
그루비,https://www.bluestore.kr/
댄디스,https://www.bluestore.kr/
푸른점,https://www.bluestore.kr/
비고,https://www.bluestore.kr/
어이딸부각,https://www.bluestore.kr/
리하베스트,https://www.bluestore.kr/
루나컵,https://www.bluestore.kr/
티읕,https://www.bluestore.kr/
매거진쓸,https://www.bluestore.kr/
탄소창고,https://www.bluestore.kr/
이지비건,https://www.jigushop.co.kr/
네이처백,https://www.jigushop.co.kr/
씽크,https://www.jigushop.co.kr/
러버랩,https://www.jigushop.co.kr/
노느매기,https://www.jigushop.co.kr/
호호히,https://www.jigushop.co.kr/
레미투미,https://www.jigushop.co.kr/
프루티바스켓,https://www.jigushop.co.kr/
지구샵,https://www.jigushop.co.kr/
리앤에코,https://www.jigushop.co.kr/
리빙크리에이터,https://www.jigushop.co.kr/
실리팟,https://www.jigushop.co.kr/
소렉스,https://www.jigushop.co.kr/
창대농원,https://www.jigushop.co.kr/
실리만,https://www.jigushop.co.kr/
예고은,https://www.jigushop.co.kr/
프레시버블,https://www.jigushop.co.kr/
소락,https://www.jigushop.co.kr/
일비아,https://www.jigushop.co.kr/
손끋비,https://www.jigushop.co.kr/
자연으로,https://www.jigushop.co.kr/
조르단,https://www.jigushop.co.kr/
나의온도,https://www.jigushop.co.kr/
더비건글로우,https://www.jigushop.co.kr/
노플라스틱선데이,https://www.jigushop.co.kr/
샘크래프트,https://www.jigushop.co.kr/
오그리,https://www.jigushop.co.kr/
솝퓨리,https://www.jigushop.co.kr/
마일리솝,https://www.jigushop.co.kr/
리솔츠,https://www.jigushop.co.kr/
아로마티카,https://www.jigushop.co.kr/
타이거릴리,https://www.jigushop.co.kr/
온그리디언츠,https://www.jigushop.co.kr/
에이퍼멘트,https://www.jigushop.co.kr/
잇츠미,https://www.jigushop.co.kr/
꽃마리협동조합,https://www.jigushop.co.kr/
해피문데이,https://www.jigushop.co.kr/
밀키프로젝트,https://www.jigushop.co.kr/
나부터,https://www.jigushop.co.kr/
어스맨,https://www.jigushop.co.kr/
월포스,https://www.jigushop.co.kr/
이크,https://www.jigushop.co.kr/
에이비라이프,https://www.jigushop.co.kr/
HUSKEE,https://www.jigushop.co.kr/
스토조,https://www.jigushop.co.kr/
클로에코,https://www.jigushop.co.kr/
로렌츠,https://www.jigushop.co.kr/
바잇미,https://www.jigushop.co.kr/
에티펫,https://www.jigushop.co.kr/
빌리스벳,https://www.jigushop.co.kr/
그리팅테일,https://www.jigushop.co.kr/
소중한모든것,https://www.jigushop.co.kr/
비앙코,https://www.jigushop.co.kr/
체이싱래빗,https://www.jigushop.co.kr/
율립,https://www.jigushop.co.kr/
허블룸,https://www.jigushop.co.kr/
스테이그린,https://www.jigushop.co.kr/
프로젝트 1907,https://www.jigushop.co.kr/
올뉴코리아,https://www.jigushop.co.kr/
오롬주식회사,https://www.jigushop.co.kr/
블루워시,https://www.jigushop.co.kr/
수퍼빈,https://www.jigushop.co.kr/
스투파,https://www.jigushop.co.kr/
풍경향방,https://www.jigushop.co.kr/
해피얼쓰,https://www.jigushop.co.kr/
스투디올로,https://www.jigushop.co.kr/
더험블코리아,https://www.jigushop.co.kr/
지구오필리아,https://smartstore.naver.com/earthophelia
오하우,https://smartstore.naver.com/o-how/
동구밭,https://brand.naver.com/donggubat